lineage,name,tissue_types
ABa,ABa,Non-terminal
ABal,ABal,Non-terminal
ABala,ABala,Non-terminal
ABalaa,ABalaa,Non-terminal
ABalaaa,ABalaaa,Non-terminal
ABalaaaa,ABalaaaa,Non-terminal
ABalaaaal,ABalaaaal,Non-terminal
ABalaaaala,ABalaaaala,Non-terminal
ABalaaaalal,AINL,Neuron
ABalaaaalar,ABalaaaalar,Death
ABalaaaalp,ABalaaaalp,Non-terminal
ABalaaaalpa,ABalaaaalpa,Death
ABalaaaalpp,ILshL,Glia
ABalaaaar,ABalaaaar,Non-terminal
ABalaaaarl,ABalaaaarl,Non-terminal
ABalaaaarla,ABalaaaarla,Death
ABalaaaarlp,RMEL,Neuron
ABalaaaarr,ABalaaaarr,Non-terminal
ABalaaaarra,ABalaaaarra,Death
ABalaaaarrp,RMER,Neuron
ABalaaap,ABalaaap,Non-terminal
ABalaaapa,ABalaaapa,Non-terminal
ABalaaapal,ABalaaapal,Non-terminal
ABalaaapall,IAlsoL,Glia
ABalaaapalr,AVDL,Neuron
ABalaaapar,ABalaaapar,Non-terminal
ABalaaaparl,ABalaaaparl,Death
ABalaaaparr,ILshDL,Glia
ABalaaapp,ABalaaapp,Non-terminal
ABalaaappl,ABalaaappl,Non-terminal
ABalaaappll,ILshDR,Glia
ABalaaapplr,ABalaaapplr,Death
ABalaaappr,ABalaaappr,Non-terminal
ABalaaapprl,AVDR,Neuron
ABalaaapprr,IAlsoR,Glia
ABalaap,ABalaap,Non-terminal
ABalaapa,ABalaapa,Non-terminal
ABalaapaa,ABalaapaa,Non-terminal
ABalaapaaa,ABalaapaaa,Non-terminal
ABalaapaaal,ABalaapaaal,Death
ABalaapaaar,AINR,Neuron
ABalaapaap,ABalaapaap,Non-terminal
ABalaapaapa,ABalaapaapa,Death
ABalaapaapp,ILshR,Glia
ABalaapap,ABalaapap,Non-terminal
ABalaapapa,ABalaapapa,Non-terminal
ABalaapapp,ABalaapapp,Non-terminal
ABalaapappa,ABalaapappa,Death
ABalaapappp,CEPsoVR,Glia
ABalaapp,ABalaapp,Non-terminal
ABalaappa,ABalaappa,Non-terminal
ABalaappaa,ABalaappaa,Death
ABalaappap,ABalaappap,Non-terminal
ABalaappapa,AVAR,Neuron
ABalaappapp,OLQsoVR,Glia
ABalaappp,ABalaappp,Non-terminal
ABalaapppa,ABalaapppa,Non-terminal
ABalaapppaa,RIAR,Neuron
ABalaapppap,ABalaapppap,Non-terminal
ABalaapppp,ABalaapppp,Non-terminal
ABalaappppa,ABalaappppa,Non-terminal
ABalaappppaa,IL1R,Neuron
ABalaappppap,ABalaappppap,Death
ABalaappppp,IL2R,Neuron
ABalap,ABalap,Non-terminal
ABalapa,ABalapa,Non-terminal
ABalapaa,ABalapaa,Non-terminal
ABalapaaa,ABalapaaa,Non-terminal
ABalapaaaa,ABalapaaaa,Non-terminal
ABalapaaaaa,AVHL,Neuron
ABalapaaaap,ABalapaaaap,Death
ABalapaaap,ABalapaaap,Non-terminal
ABalapaaapa,CANL,Neuron
ABalapaaapp,OLAlsoL,Glia
ABalapaap,ABalapaap,Non-terminal
ABalapaapa,ABalapaapa,Non-terminal
ABalapaapaa,RIAL,Neuron
ABalapaapap,ABalapaapap,Death
ABalapaapp,ABalapaapp,Non-terminal
ABalapaappa,ABalapaappa,Non-terminal
ABalapaappaa,IL1L,Neuron
ABalapaappap,ABalapaappap,Death
ABalapaappp,IL2L,Neuron
ABalapap,ABalapap,Non-terminal
ABalapapa,ABalapapa,Non-terminal
ABalapapaa,ABalapapaa,Death
ABalapapap,ABalapapap,Non-terminal
ABalapapapa,ABalapapapa,Non-terminal
ABalapapapaa,OLQDL,Neuron
ABalapapapap,ABalapapapap,Death
ABalapapapp,URYDL,Neuron
ABalapapp,ABalapapp,Non-terminal
ABalapappa,ABalapappa,Non-terminal
ABalapappaa,ABalapappaa,Non-terminal
ABalapappaaa,IL1DL,Neuron
ABalapappaap,ABalapappaap,Death
ABalapappap,IL2DL,Neuron
ABalapappp,ABalapappp,Non-terminal
ABalapapppa,AVJL,Neuron
ABalapapppp,CEPsoDL,Glia
ABalapp,ABalapp,Non-terminal
ABalappa,ABalappa,Non-terminal
ABalappaa,ABalappaa,Non-terminal
ABalappaaa,ABalappaaa,Death
ABalappaap,ABalappaap,Non-terminal
ABalappaapa,RID,Neuron
ABalappaapp,ABalappaapp,Death
ABalappap,ABalappap,Non-terminal
ABalappapa,ABalappapa,Non-terminal
ABalappapaa,AVHR,Neuron
ABalappapap,ABalappapap,Death
ABalappapp,ABalappapp,Non-terminal
ABalappappa,CANR,Neuron
ABalappappp,OLAlsoR,Glia
ABalappp,ABalappp,Non-terminal
ABalapppa,ABalapppa,Non-terminal
ABalapppaa,ABalapppaa,Non-terminal
ABalapppaaa,ALA,Neuron
ABalapppaap,RMED,Neuron
ABalapppap,ABalapppap,Non-terminal
ABalapppapa,ABalapppapa,Non-terminal
ABalapppapaa,OLQDR,Neuron
ABalapppapap,ABalapppapap,Non-terminal
ABalapppapp,URYDR,Neuron
ABalapppp,ABalapppp,Non-terminal
ABalappppa,ABalappppa,Non-terminal
ABalappppaa,ABalappppaa,Non-terminal
ABalappppaaa,IL1DR,Neuron
ABalappppaap,ABalappppaap,Death
ABalappppap,IL2DR,Neuron
ABalappppp,ABalappppp,Non-terminal
ABalapppppa,AVJR,Neuron
ABalapppppp,CEPsoDR,Glia
ABalp,ABalp,Non-terminal
ABalpa,ABalpa,Non-terminal
ABalpaa,ABalpaa,Non-terminal
ABalpaaa,ABalpaaa,Non-terminal
ABalpaaaa,ABalpaaaa,Non-terminal
ABalpaaaaa,ABalpaaaaa,Non-terminal
ABalpaaaaaa,e3VL,Pharyngeal
ABalpaaaaap,pm2VL,Pharyngeal
ABalpaaaap,ABalpaaaap,Non-terminal
ABalpaaaapa,pm1VL,Pharyngeal
ABalpaaaapp,ABalpaaaapp,Death
ABalpaaap,ABalpaaap,Non-terminal
ABalpaaapa,ABalpaaapa,Non-terminal
ABalpaaapaa,pm2L,Pharyngeal
ABalpaaapap,ABalpaaapap,Death
ABalpaaapp,ABalpaaapp,Non-terminal
ABalpaaappa,ABalpaaappa,Death
ABalpaaappp,MCL,Neuron;Pharyngeal
ABalpaap,ABalpaap,Non-terminal
ABalpaapa,ABalpaapa,Non-terminal
ABalpaapaa,ABalpaapaa,Non-terminal
ABalpaapaaa,arc post DL,Interfacial Epithelial;Pharyngeal
ABalpaapaap,e2DL,Pharyngeal
ABalpaapap,ABalpaapap,Non-terminal
ABalpaapapa,mc1DL,Pharyngeal
ABalpaapapp,pm3L,Pharyngeal
ABalpaapp,ABalpaapp,Non-terminal
ABalpaappa,ABalpaappa,Non-terminal
ABalpaappaa,arc ant DL,Interfacial Epithelial;Pharyngeal
ABalpaappap,arc post VL,Interfacial Epithelial;Pharyngeal
ABalpaappp,ABalpaappp,Non-terminal
ABalpaapppa,hyp1DL,Hypodermal
ABalpaapppp,hyp2DL,Hypodermal
ABalpap,ABalpap,Non-terminal
ABalpapa,ABalpapa,Non-terminal
ABalpapaa,ABalpapaa,Non-terminal
ABalpapaaa,ABalpapaaa,Non-terminal
ABalpapaaaa,RIPL,Neuron;Pharyngeal
ABalpapaaap,hyp2V,Hypodermal
ABalpapaap,ABalpapaap,Non-terminal
ABalpapaapa,arc ant V,Interfacial Epithelial;Pharyngeal
ABalpapaapp,ABalpapaapp,Death
ABalpapap,ABalpapap,Non-terminal
ABalpapapa,ABalpapapa,Non-terminal
ABalpapapaa,RMDDL,Neuron
ABalpapapap,ABalpapapap,Non-terminal
ABalpapapapa,ABalpapapapa,Death
ABalpapapapp,SMBDL,Neuron
ABalpapapp,ABalpapapp,Non-terminal
ABalpapappa,ABalpapappa,Death
ABalpapappp,SMBVL,Neuron
ABalpapp,ABalpapp,Non-terminal
ABalpappa,ABalpappa,Non-terminal
ABalpappaa,ABalpappaa,Non-terminal
ABalpappaaa,ABalpappaaa,Death
ABalpappaap,ABalpappaap,Non-terminal
ABalpappaapa,I2L,Neuron;Pharyngeal
ABalpappaapp,ABalpappaapp,Death
ABalpappap,ABalpappap,Non-terminal
ABalpappapa,e2V,Pharyngeal
ABalpappapp,mc3V,Pharyngeal
ABalpappp,ABalpappp,Non-terminal
ABalpapppa,ABalpapppa,Non-terminal
ABalpapppaa,I1L,Neuron;Pharyngeal
ABalpapppap,ABalpapppap,Death
ABalpapppp,ABalpapppp,Non-terminal
ABalpappppa,mc1V,Pharyngeal
ABalpappppp,pm3VL,Pharyngeal
ABalpp,ABalpp,Non-terminal
ABalppa,ABalppa,Non-terminal
ABalppaa,ABalppaa,Non-terminal
ABalppaaa,ABalppaaa,Non-terminal
ABalppaaaa,ABalppaaaa,Death
ABalppaaap,ABalppaaap,Non-terminal
ABalppaaapa,AVAL,Neuron
ABalppaaapp,OLQsoVL,Glia
ABalppaap,ABalppaap,Non-terminal
ABalppaapa,ABalppaapa,Death
ABalppaapp,ABalppaapp,Non-terminal
ABalppaappa,ABalppaappa,Death
ABalppaappp,CEPsoVL,Glia
ABalppap,ABalppap,Non-terminal
ABalppapa,ABalppapa,Non-terminal
ABalppapaa,ABalppapaa,Non-terminal
ABalppapaaa,RMDVL,Neuron
ABalppapaap,ILshVL,Glia
ABalppapap,ABalppapap,Non-terminal
ABalppapapa,SAADL,Neuron
ABalppapapp,IAlsoVL,Glia
ABalppapp,ABalppapp,Non-terminal
ABalppappa,ABalppappa,Non-terminal
ABalppappaa,SMDVL,Neuron
ABalppappap,BAGL,Neuron
ABalppappp,ABalppappp,Non-terminal
ABalppapppa,ABalppapppa,Non-terminal
ABalppapppaa,IL1VL,Neuron
ABalppapppap,ABalppapppap,Death
ABalppapppp,IL2VL,Neuron
ABalppp,ABalppp,Non-terminal
ABalpppa,ABalpppa,Non-terminal
ABalpppaa,ABalpppaa,Non-terminal
ABalpppaaa,ABalpppaaa,Non-terminal
ABalpppaaaa,AVEL,Neuron
ABalpppaaap,OLQshVL,Glia
ABalpppaap,ABalpppaap,Non-terminal
ABalpppaapd,OLLshL,Glia
ABalpppaapv,ABalpppaapv,Death
ABalpppap,ABalpppap,Non-terminal
ABalpppapa,ABalpppapa,Non-terminal
ABalpppapad,RMDL,Neuron
ABalpppapav,AFDL,Neuron
ABalpppapp,ABalpppapp,Non-terminal
ABalpppappa,ABalpppappa,Death
ABalpppappp,ABalpppappp,Non-terminal
ABalpppapppa,ASKL,Neuron
ABalpppapppp,ABalpppapppp,Death
ABalpppp,ABalpppp,Non-terminal
ABalppppa,ABalppppa,Non-terminal
ABalppppaa,ABalppppaa,Non-terminal
ABalppppaad,ADLL,Neuron
ABalppppaav,ABalppppaav,Death
ABalppppap,ABalppppap,Non-terminal
ABalppppapa,ABalppppapa,Non-terminal
ABalppppapaa,OLLL,Neuron
ABalppppapap,ABalppppapap,Death
ABalppppapp,ABalppppapp,Death
ABalppppp,ABalppppp,Non-terminal
ABalpppppa,ABalpppppa,Non-terminal
ABalpppppaa,ADFL,Neuron
ABalpppppap,AWBL,Neuron
ABalpppppp,ABalpppppp,Non-terminal
ABalppppppa,ABalppppppa,Non-terminal
ABalppppppaa,ASEL,Neuron
ABalppppppap,ABalppppppap,Death
ABalppppppp,ABalppppppp,Non-terminal
ABalpppppppa,ASJL,Neuron
ABalpppppppp,AUAL,Neuron
ABar,ABar,Non-terminal
ABara,ABara,Non-terminal
ABaraa,ABaraa,Non-terminal
ABaraaa,ABaraaa,Non-terminal
ABaraaaa,ABaraaaa,Non-terminal
ABaraaaaa,ABaraaaaa,Non-terminal
ABaraaaaaa,ABaraaaaaa,Non-terminal
ABaraaaaaaa,e1VL,Pharyngeal
ABaraaaaaap,pm1L,Pharyngeal
ABaraaaaap,ABaraaaaap,Non-terminal
ABaraaaaapa,e1VR,Pharyngeal
ABaraaaaapp,pm1R,Pharyngeal
ABaraaaap,ABaraaaap,Non-terminal
ABaraaaapa,ABaraaaapa,Non-terminal
ABaraaaapaa,ABaraaaapaa,Death
ABaraaaapap,e1D,Pharyngeal
ABaraaaapp,ABaraaaapp,Death
ABaraaap,ABaraaap,Non-terminal
ABaraaapa,ABaraaapa,Non-terminal
ABaraaapaa,ABaraaapaa,Non-terminal
ABaraaapaaa,arc post DR,Interfacial Epithelial;Pharyngeal
ABaraaapaap,e2DR,Pharyngeal
ABaraaapap,ABaraaapap,Non-terminal
ABaraaapapa,mc1DR,Pharyngeal
ABaraaapapp,pm4R,Pharyngeal
ABaraaapp,ABaraaapp,Non-terminal
ABaraaappa,ABaraaappa,Non-terminal
ABaraaappaa,arc post D,Interfacial Epithelial;Pharyngeal
ABaraaappap,arc post VR,Interfacial Epithelial;Pharyngeal
ABaraaappp,ABaraaappp,Non-terminal
ABaraaapppa,arc ant DR,Interfacial Epithelial;Pharyngeal
ABaraaapppp,hyp1DR,Hypodermal
ABaraap,ABaraap,Non-terminal
ABaraapa,ABaraapa,Non-terminal
ABaraapaa,ABaraapaa,Non-terminal
ABaraapaaa,ABaraapaaa,Non-terminal
ABaraapaaaa,e3D,Pharyngeal
ABaraapaaap,pm1DL,Pharyngeal
ABaraapaap,ABaraapaap,Non-terminal
ABaraapaapa,pm2DL,Pharyngeal
ABaraapaapp,mc2DL,Pharyngeal
ABaraapap,ABaraapap,Non-terminal
ABaraapapa,ABaraapapa,Non-terminal
ABaraapapaa,ABaraapapaa,Non-terminal
ABaraapapaad,ABaraapapaad,Death
ABaraapapaav,NSML,Neuron;Pharyngeal
ABaraapapap,pm5L,Pharyngeal
ABaraapapp,ABaraapapp,Non-terminal
ABaraapappa,M2L,Pharyngeal;Neuron
ABaraapappp,M3L,Pharyngeal;Neuron
ABaraapp,ABaraapp,Non-terminal
ABaraappa,ABaraappa,Non-terminal
ABaraappaa,ABaraappaa,Non-terminal
ABaraappaaa,MI,Neuron;Pharyngeal
ABaraappaap,pm1DR,Pharyngeal
ABaraappap,ABaraappap,Non-terminal
ABaraappapa,pm2DR,Pharyngeal
ABaraappapp,mc2DR,Pharyngeal
ABaraappp,ABaraappp,Non-terminal
ABaraapppa,ABaraapppa,Non-terminal
ABaraapppaa,ABaraapppaa,Non-terminal
ABaraapppaad,ABaraapppaad,Death
ABaraapppaav,NSMR,Neuron;Pharyngeal
ABaraapppap,pm5R,Pharyngeal
ABaraapppp,ABaraapppp,Non-terminal
ABaraappppa,M2R,Pharyngeal;Neuron
ABaraappppp,M3R,Pharyngeal;Neuron
ABarap,ABarap,Non-terminal
ABarapa,ABarapa,Non-terminal
ABarapaa,ABarapaa,Non-terminal
ABarapaaa,ABarapaaa,Non-terminal
ABarapaaaa,ABarapaaaa,Non-terminal
ABarapaaaaa,e3VR,Pharyngeal
ABarapaaaap,pm2VR,Pharyngeal
ABarapaaap,ABarapaaap,Non-terminal
ABarapaaapa,pm1VR,Pharyngeal
ABarapaaapp,ABarapaaapp,Death
ABarapaap,ABarapaap,Non-terminal
ABarapaapa,ABarapaapa,Non-terminal
ABarapaapaa,pm2R,Pharyngeal
ABarapaapap,ABarapaapap,Death
ABarapaapp,ABarapaapp,Non-terminal
ABarapaappa,pm3R,Pharyngeal
ABarapaappp,MCR,Neuron;Pharyngeal
ABarapap,ABarapap,Non-terminal
ABarapapa,ABarapapa,Non-terminal
ABarapapaa,ABarapapaa,Non-terminal
ABarapapaaa,ABarapapaaa,Death
ABarapapaap,ABarapapaap,Non-terminal
ABarapapaapa,I2R,Neuron;Pharyngeal
ABarapapaapp,ABarapapaapp,Death
ABarapapap,ABarapapap,Non-terminal
ABarapapapa,arc post V,Interfacial Epithelial;Pharyngeal
ABarapapapp,I5,Neuron;Pharyngeal
ABarapapp,ABarapapp,Non-terminal
ABarapappa,ABarapappa,Non-terminal
ABarapappaa,I1R,Neuron;Pharyngeal
ABarapappap,ABarapappap,Death
ABarapappp,ABarapappp,Non-terminal
ABarapapppa,mc2V,Pharyngeal
ABarapapppp,pm3VR,Pharyngeal
ABarapp,ABarapp,Non-terminal
ABarappa,ABarappa,Non-terminal
ABarappaa,ABarappaa,Non-terminal
ABarappaaa,ABarappaaa,Non-terminal
ABarappaaaa,RIPR,Neuron;Pharyngeal
ABarappaaap,ABarappaaap,Death
ABarappaap,ABarappaap,Non-terminal
ABarappaapa,hyp1V,Hypodermal
ABarappaapp,ABarappaapp,Death
ABarappap,ABarappap,Non-terminal
ABarappapa,ABarappapa,Non-terminal
ABarappapaa,RMDDR,Neuron
ABarappapap,ABarappapap,Non-terminal
ABarappapapa,ABarappapapa,Death
ABarappapapp,SMBDR,Neuron
ABarappapp,ABarappapp,Non-terminal
ABarappappa,DB2,Neuron
ABarappappp,SMBVR,Neuron
ABarappp,ABarappp,Non-terminal
ABarapppa,ABarapppa,Non-terminal
ABarapppaa,ABarapppaa,Non-terminal
ABarapppaaa,RMDVR,Neuron
ABarapppaap,ILshVR,Glia
ABarapppap,ABarapppap,Non-terminal
ABarapppapa,SAADR,Neuron
ABarapppapp,IAlsoVR,Glia
ABarapppp,ABarapppp,Non-terminal
ABarappppa,ABarappppa,Non-terminal
ABarappppaa,SMDVR,Neuron
ABarappppap,BAGR,Neuron
ABarappppp,ABarappppp,Non-terminal
ABarapppppa,ABarapppppa,Non-terminal
ABarapppppaa,IL1VR,Neuron
ABarapppppap,ABarapppppap,Death
ABarapppppp,IL2VR,Neuron
ABarp,ABarp,Non-terminal
ABarpa,ABarpa,Non-terminal
ABarpaa,ABarpaa,Non-terminal
ABarpaaa,ABarpaaa,Non-terminal
ABarpaaaa,ABarpaaaa,Non-terminal
ABarpaaaaa,ABarpaaaaa,Non-terminal
ABarpaaaaal,OLQsoDL,Glia
ABarpaaaaar,OLQsoDR,Glia
ABarpaaaap,ABarpaaaap,Non-terminal
ABarpaaaapa,OLQshDL,Glia
ABarpaaaapp,CEPshDL,Glia
ABarpaaap,ABarpaaap,Non-terminal
ABarpaaapa,ABarpaaapa,Non-terminal
ABarpaaapaa,OLQshDR,Glia
ABarpaaapap,CEPshDR,Glia
ABarpaaapp,ABarpaaapp,Death
ABarpaap,ABarpaap,Non-terminal
ABarpaapa,ABarpaapa,Non-terminal
ABarpaapaa,hyp6,Hypodermal
ABarpaapap,hyp7,Hypodermal
ABarpaapp,ABarpaapp,Non-terminal
ABarpaappa,hyp7,Hypodermal
ABarpaappp,hyp7,Hypodermal
ABarpap,ABarpap,Non-terminal
ABarpapa,ABarpapa,Non-terminal
ABarpapaa,ABarpapaa,Non-terminal
ABarpapaaa,ABarpapaaa,Non-terminal
ABarpapaaaa,URADR,Neuron
ABarpapaaap,CEMDR,Neuron
ABarpapaap,ABarpapaap,Non-terminal
ABarpapaapa,ABarpapaapa,Death
ABarpapaapp,ABarpapaapp,Non-terminal
ABarpapaappa,CEPDR,Neuron
ABarpapaappp,URXR,Neuron
ABarpapap,ABarpapap,Non-terminal
ABarpapapa,hyp4,Hypodermal
ABarpapapp,hyp6,Hypodermal
ABarpapp,ABarpapp,Non-terminal
ABarpappa,ABarpappa,Non-terminal
ABarpappaa,XXXR,Hypodermal
ABarpappap,hyp5,Hypodermal
ABarpappp,ABarpappp,Non-terminal
ABarpapppa,H0R,Seam Cell;Hypodermal
ABarpapppp,H1R,Seam Cell;Hypodermal
ABarpp,ABarpp,Non-terminal
ABarppa,ABarppa,Non-terminal
ABarppaa,ABarppaa,Non-terminal
ABarppaaa,ABarppaaa,Non-terminal
ABarppaaaa,ADEshL,Glia
ABarppaaap,H2L,Seam Cell;Hypodermal
ABarppaap,ABarppaap,Non-terminal
ABarppaapa,hyp7,Hypodermal
ABarppaapp,ABarppaapp,Non-terminal
ABarppaappa,ALML,Neuron
ABarppaappp,BDUL,Neuron
ABarppap,ABarppap,Non-terminal
ABarppapa,ABarppapa,Non-terminal
ABarppapaa,V1L,Seam Cell;Hypodermal
ABarppapap,V2L,Seam Cell;Hypodermal
ABarppapp,ABarppapp,Non-terminal
ABarppappa,V4L,Seam Cell;Hypodermal
ABarppappp,V6L,Seam Cell;Hypodermal
ABarppp,ABarppp,Non-terminal
ABarpppa,ABarpppa,Non-terminal
ABarpppaa,ABarpppaa,Non-terminal
ABarpppaaa,ADEshR,Glia
ABarpppaap,H2R,Seam Cell;Hypodermal
ABarpppap,ABarpppap,Non-terminal
ABarpppapa,hyp7,Hypodermal
ABarpppapp,ABarpppapp,Non-terminal
ABarpppappa,ALMR,Neuron
ABarpppappp,BDUR,Neuron
ABarpppp,ABarpppp,Non-terminal
ABarppppa,ABarppppa,Non-terminal
ABarppppaa,V1R,Seam Cell;Hypodermal
ABarppppap,V2R,Seam Cell;Hypodermal
ABarppppp,ABarppppp,Non-terminal
ABarpppppa,V4R,Seam Cell;Hypodermal
ABarpppppp,V6R,Seam Cell;Hypodermal
ABp,ABp,Non-terminal
ABpl,ABpl,Non-terminal
ABpla,ABpla,Non-terminal
ABplaa,ABplaa,Non-terminal
ABplaaa,ABplaaa,Non-terminal
ABplaaaa,ABplaaaa,Non-terminal
ABplaaaaa,ABplaaaaa,Non-terminal
ABplaaaaaa,ABplaaaaaa,Non-terminal
ABplaaaaaaa,URADL,Neuron
ABplaaaaaap,CEMDL,Neuron
ABplaaaaap,ABplaaaaap,Non-terminal
ABplaaaaapa,ABplaaaaapa,Death
ABplaaaaapp,ABplaaaaapp,Non-terminal
ABplaaaaappa,CEPDL,Neuron
ABplaaaaappp,URXL,Neuron
ABplaaaap,ABplaaaap,Non-terminal
ABplaaaapa,hyp6,Hypodermal
ABplaaaapp,hyp6,Hypodermal
ABplaaap,ABplaaap,Non-terminal
ABplaaapa,ABplaaapa,Non-terminal
ABplaaapaa,XXXL,
ABplaaapap,hyp5,Hypodermal
ABplaaapp,ABplaaapp,Non-terminal
ABplaaappa,H0L,Seam Cell;Hypodermal
ABplaaappp,H1L,Seam Cell;Hypodermal
ABplaap,ABplaap,Non-terminal
ABplaapa,ABplaapa,Non-terminal
ABplaapaa,ABplaapaa,Non-terminal
ABplaapaaa,ABplaapaaa,Non-terminal
ABplaapaaaa,hyp3,Hypodermal
ABplaapaaap,IAlsoDL,Glia
ABplaapaap,ABplaapaap,Non-terminal
ABplaapaapa,URBL,Neuron
ABplaapaapp,AMshL,Glia
ABplaapap,ABplaapap,Non-terminal
ABplaapapa,ABplaapapa,Non-terminal
ABplaapapaa,AWAL,Neuron
ABplaapapap,ASGL,Neuron
ABplaapapp,ABplaapapp,Non-terminal
ABplaapappa,AIBL,Neuron
ABplaapappp,ABplaapappp,Non-terminal
ABplaapapppa,ASIL,Neuron
ABplaapapppp,ABplaapapppp,Death
ABplaapp,ABplaapp,Non-terminal
ABplaappa,ABplaappa,Non-terminal
ABplaappaa,hyp4,Hypodermal
ABplaappap,hyp6,Hypodermal
ABplaappp,ABplaappp,Non-terminal
ABplaapppa,hyp7,Hypodermal
ABplaapppp,hyp7,Hypodermal
ABplap,ABplap,Non-terminal
ABplapa,ABplapa,Non-terminal
ABplapaa,ABplapaa,Non-terminal
ABplapaaa,ABplapaaa,Non-terminal
ABplapaaaa,ABplapaaaa,Non-terminal
ABplapaaaaa,ABplapaaaaa,Death
ABplapaaaap,ABplapaaaap,Non-terminal
ABplapaaaapa,ADEL,Neuron
ABplapaaaapp,ADAL,Neuron
ABplapaaap,ABplapaaap,Non-terminal
ABplapaaapa,ABplapaaapa,Non-terminal
ABplapaaapad,FLPL,Neuron
ABplapaaapav,AIZL,Neuron
ABplapaaapp,RMGL,Neuron
ABplapaap,ABplapaap,Non-terminal
ABplapaapa,G2,
ABplapaapp,P1,Blast
ABplapap,ABplapap,Non-terminal
ABplapapa,ABplapapa,Non-terminal
ABplapapaa,ABplapapaa,Non-terminal
ABplapapaaa,QL,Blast
ABplapapaap,V5L,Seam Cell;Hypodermal
ABplapapap,P9,Blast
ABplapapp,ABplapapp,Non-terminal
ABplapappa,P11,Blast
ABplapappp,ABplapappp,Non-terminal
ABplapapppa,ABplapapppa,Non-terminal
ABplapapppp,ABplapapppp,Non-terminal
ABplapappppa,ABplapappppa,Non-terminal
ABplapappppaa,PLML,Neuron
ABplapappppap,ALNL,Neuron
ABplapappppp,ABplapappppp,Death
ABplapp,ABplapp,Non-terminal
ABplappa,ABplappa,Non-terminal
ABplappaa,ABplappaa,Non-terminal
ABplappaaa,P3,Blast
ABplappaap,P5,Blast
ABplappap,ABplappap,Non-terminal
ABplappapa,V3L,Seam Cell;Hypodermal
ABplappapp,P7,Blast
ABplappp,ABplappp,Non-terminal
ABplapppa,ABplapppa,Non-terminal
ABplapppaa,ABplapppaa,Non-terminal
ABplapppaaa,PVQL,Neuron
ABplapppaap,ABplapppaap,Death
ABplapppap,ABplapppap,Non-terminal
ABplapppapa,ABplapppapa,Death
ABplapppapp,ABplapppapp,Non-terminal
ABplapppappa,HSNL,Neuron
ABplapppappp,PHBL,Neuron
ABplapppp,ABplapppp,Non-terminal
ABplappppa,hyp7,Hypodermal
ABplappppp,TL,Seam Cell;Hypodermal
ABplp,ABplp,Non-terminal
ABplpa,ABplpa,Non-terminal
ABplpaa,ABplpaa,Non-terminal
ABplpaaa,ABplpaaa,Non-terminal
ABplpaaaa,ABplpaaaa,Non-terminal
ABplpaaaaa,ABplpaaaaa,Non-terminal
ABplpaaaaaa,SAAVL,Neuron
ABplpaaaaap,AWCL,Neuron
ABplpaaaap,ABplpaaaap,Non-terminal
ABplpaaaapa,exc duct,Excretory
ABplpaaaapp,DB1,Neuron
ABplpaaap,ABplpaaap,Non-terminal
ABplpaaapa,ABplpaaapa,Non-terminal
ABplpaaapaa,URAVL,Neuron
ABplpaaapap,CEPshVL,Glia
ABplpaaapp,ABplpaaapp,Non-terminal
ABplpaaappa,ABplpaaappa,Non-terminal
ABplpaaappaa,OLQVL,Neuron
ABplpaaappap,ABplpaaappap,Death
ABplpaaappp,URYVL,Neuron
ABplpaap,ABplpaap,Non-terminal
ABplpaapa,ABplpaapa,Non-terminal
ABplpaapaa,ABplpaapaa,Non-terminal
ABplpaapaaa,RIVL,Neuron
ABplpaapaap,AVBL,Neuron
ABplpaapap,ABplpaapap,Non-terminal
ABplpaapapa,AMsoL,Glia
ABplpaapapp,CEMVL,Neuron
ABplpaapp,ABplpaapp,Non-terminal
ABplpaappa,ABplpaappa,Non-terminal
ABplpaappaa,ASHL,Neuron
ABplpaappap,RIBL,Neuron
ABplpaappp,ABplpaappp,Non-terminal
ABplpaapppa,AIML,Neuron
ABplpaapppp,ABplpaapppp,Non-terminal
ABplpaappppa,CEPVL,Neuron
ABplpaappppp,ABplpaappppp,Death
ABplpap,ABplpap,Non-terminal
ABplpapa,ABplpapa,Non-terminal
ABplpapaa,ABplpapaa,Non-terminal
ABplpapaaa,ABplpapaaa,Non-terminal
ABplpapaaaa,SMDDL,Neuron
ABplpapaaap,AIYL,Neuron
ABplpapaap,ABplpapaap,Non-terminal
ABplpapaapa,SIADL,Neuron
ABplpapaapp,SIBVL,Neuron
ABplpapap,ABplpapap,Non-terminal
ABplpapapa,ABplpapapa,Non-terminal
ABplpapapaa,exc gl L,Excretory
ABplpapapap,AVKL,Neuron
ABplpapapp,ABplpapapp,Non-terminal
ABplpapappa,SIAVL,Neuron
ABplpapappp,DB5,Neuron
ABplpapp,ABplpapp,Non-terminal
ABplpappa,ABplpappa,Non-terminal
ABplpappaa,ABplpappaa,Non-terminal
ABplpappaaa,RMEV,Neuron
ABplpappaap,exc cell,Excretory
ABplpappap,ABplpappap,Death
ABplpappp,ABplpappp,Non-terminal
ABplpapppa,ABplpapppa,Non-terminal
ABplpapppaa,K,
ABplpapppap,rect hyp,
ABplpapppp,ABplpapppp,Non-terminal
ABplpappppa,PVT,Neuron
ABplpappppp,rect D,
ABplpp,ABplpp,Non-terminal
ABplppa,ABplppa,Non-terminal
ABplppaa,ABplppaa,Non-terminal
ABplppaaa,ABplppaaa,Non-terminal
ABplppaaaa,ABplppaaaa,Non-terminal
ABplppaaaaa,SIBDL,Neuron
ABplppaaaap,ABplppaaaap,Non-terminal
ABplppaaaapa,ABplppaaaapa,Death
ABplppaaaapp,RICL,Neuron
ABplppaaap,ABplppaaap,Death
ABplppaap,ABplppaap,Non-terminal
ABplppaapa,ABplppaapa,Non-terminal
ABplppaapaa,ABplppaapaa,Death
ABplppaapap,RIML,Neuron
ABplppaapp,ABplppaapp,Non-terminal
ABplppaappa,AIAL,Neuron
ABplppaappp,DB6,Neuron
ABplppap,ABplppap,Non-terminal
ABplppapa,ABplppapa,Non-terminal
ABplppapaa,ABplppapaa,Non-terminal
ABplppapaaa,ABplppapaaa,Non-terminal
ABplppapaaaa,SABVL,Neuron
ABplppapaaap,RIFL,Neuron
ABplppapaap,SABD,Neuron
ABplppapap,ABplppapap,Non-terminal
ABplppapapa,DA2,Neuron
ABplppapapp,DA4,Neuron
ABplppapp,ABplppapp,Non-terminal
ABplppappa,ABplppappa,Non-terminal
ABplppappaa,RIGL,Neuron
ABplppappap,DD1,Neuron
ABplppappp,ABplppappp,Non-terminal
ABplppapppa,DD3,Neuron
ABplppapppp,DD5,Neuron
ABplppp,ABplppp,Non-terminal
ABplpppa,ABplpppa,Non-terminal
ABplpppaa,ABplpppaa,Non-terminal
ABplpppaaa,ABplpppaaa,Non-terminal
ABplpppaaaa,DA9,Neuron
ABplpppaaap,DA6,Neuron
ABplpppaap,ABplpppaap,Non-terminal
ABplpppaapa,ABplpppaapa,Non-terminal
ABplpppaapaa,PVCL,Neuron
ABplpppaapap,LUAL,Neuron
ABplpppaapp,PHAL,Neuron
ABplpppap,ABplpppap,Non-terminal
ABplpppapa,ABplpppapa,Non-terminal
ABplpppapaa,PHshL,Glia
ABplpppapap,hyp8,Hypodermal
ABplpppapp,ABplpppapp,Non-terminal
ABplpppp,ABplpppp,Non-terminal
ABplppppa,ABplppppa,Non-terminal
ABplppppaa,ABplppppaa,Non-terminal
ABplppppaaa,PVPL,Neuron
ABplppppaap,rect VL,
ABplppppap,ABplppppap,Non-terminal
ABplppppapa,U,
ABplppppapp,F,
ABplppppp,ABplppppp,Non-terminal
ABplpppppa,ABplpppppa,Non-terminal
ABplpppppaa,mu int L,
ABplpppppap,mu anal,
ABplpppppp,ABplpppppp,Non-terminal
ABplppppppa,ABplppppppa,
ABplppppppp,hyp10,Hypodermal
ABpr,ABpr,Non-terminal
ABpra,ABpra,Non-terminal
ABpraa,ABpraa,Non-terminal
ABpraaa,ABpraaa,Non-terminal
ABpraaaa,ABpraaaa,Non-terminal
ABpraaaaa,ABpraaaaa,Non-terminal
ABpraaaaaa,ABpraaaaaa,Non-terminal
ABpraaaaaaa,AVER,Neuron
ABpraaaaaap,OLQshVR,Glia
ABpraaaaap,ABpraaaaap,Non-terminal
ABpraaaaapd,OLLshR,Glia
ABpraaaaapv,ABpraaaaapv,Death
ABpraaaap,ABpraaaap,Non-terminal
ABpraaaapa,ABpraaaapa,Non-terminal
ABpraaaapad,RMDR,Neuron
ABpraaaapav,AFDR,Neuron
ABpraaaapp,ABpraaaapp,Non-terminal
ABpraaaappa,ABpraaaappa,Death
ABpraaaappp,ABpraaaappp,Non-terminal
ABpraaaapppa,ASKR,Neuron
ABpraaaapppp,ABpraaaapppp,Death
ABpraaap,ABpraaap,Non-terminal
ABpraaapa,ABpraaapa,Non-terminal
ABpraaapaa,ABpraaapaa,Non-terminal
ABpraaapaad,ADLR,Neuron
ABpraaapaav,ABpraaapaav,Death
ABpraaapap,ABpraaapap,Non-terminal
ABpraaapapa,ABpraaapapa,Non-terminal
ABpraaapapaa,OLLR,Neuron
ABpraaapapap,ABpraaapapap,Death
ABpraaapapp,ABpraaapapp,Death
ABpraaapp,ABpraaapp,Non-terminal
ABpraaappa,ABpraaappa,Non-terminal
ABpraaappaa,ADFR,Neuron
ABpraaappap,AWBR,Neuron
ABpraaappp,ABpraaappp,Non-terminal
ABpraaapppa,ABpraaapppa,Non-terminal
ABpraaapppaa,ASER,Neuron
ABpraaapppap,ABpraaapppap,Death
ABpraaapppp,ABpraaapppp,Non-terminal
ABpraaappppa,ASJR,Neuron
ABpraaappppp,AUAR,Neuron
ABpraap,ABpraap,Non-terminal
ABpraapa,ABpraapa,Non-terminal
ABpraapaa,ABpraapaa,Non-terminal
ABpraapaaa,ABpraapaaa,Non-terminal
ABpraapaaaa,hyp3,Hypodermal
ABpraapaaap,IAlsoDR,Glia
ABpraapaap,ABpraapaap,Non-terminal
ABpraapaapa,URBR,Neuron
ABpraapaapp,AMshR,Glia
ABpraapap,ABpraapap,Non-terminal
ABpraapapa,ABpraapapa,Non-terminal
ABpraapapaa,AWAR,Neuron
ABpraapapap,ASGR,Neuron
ABpraapapp,ABpraapapp,Non-terminal
ABpraapappa,AIBR,Neuron
ABpraapappp,ABpraapappp,Non-terminal
ABpraapapppa,ASIR,Neuron
ABpraapapppp,ABpraapapppp,Death
ABpraapp,ABpraapp,Non-terminal
ABpraappa,ABpraappa,Non-terminal
ABpraappaa,hyp4,Hypodermal
ABpraappap,hyp6,Hypodermal
ABpraappp,ABpraappp,Non-terminal
ABpraapppa,hyp7,Hypodermal
ABpraapppp,hyp7,Hypodermal
ABprap,ABprap,Non-terminal
ABprapa,ABprapa,Non-terminal
ABprapaa,ABprapaa,Non-terminal
ABprapaaa,ABprapaaa,Non-terminal
ABprapaaaa,ABprapaaaa,Non-terminal
ABprapaaaaa,ABprapaaaaa,Death
ABprapaaaap,ABprapaaaap,Non-terminal
ABprapaaaapa,ADER,Neuron
ABprapaaaapp,ADAR,Neuron
ABprapaaap,ABprapaaap,Non-terminal
ABprapaaapa,ABprapaaapa,Non-terminal
ABprapaaapad,FLPR,Neuron
ABprapaaapav,AIZR,Neuron
ABprapaaapp,RMGR,Neuron
ABprapaap,ABprapaap,Non-terminal
ABprapaapa,W,
ABprapaapp,P2,Blast
ABprapap,ABprapap,Non-terminal
ABprapapa,ABprapapa,Non-terminal
ABprapapaa,ABprapapaa,Non-terminal
ABprapapaaa,QR,Blast
ABprapapaap,V5R,Seam Cell;Hypodermal
ABprapapap,P10,Blast
ABprapapp,ABprapapp,Non-terminal
ABprapappa,P12,Blast
ABprapappp,ABprapappp,Non-terminal
ABprapapppa,ABprapapppa,Death
ABprapapppp,ABprapapppp,Non-terminal
ABprapappppa,ABprapappppa,Non-terminal
ABprapappppaa,PLMR,Neuron
ABprapappppap,ALNR,Neuron
ABprapappppp,ABprapappppp,Death
ABprapp,ABprapp,Non-terminal
ABprappa,ABprappa,Non-terminal
ABprappaa,ABprappaa,Non-terminal
ABprappaaa,P4,Blast
ABprappaap,P6,Blast
ABprappap,ABprappap,Non-terminal
ABprappapa,V3R,Seam Cell;Hypodermal
ABprappapp,P8,Blast
ABprappp,ABprappp,Non-terminal
ABprapppa,ABprapppa,Non-terminal
ABprapppaa,ABprapppaa,Non-terminal
ABprapppaaa,PVQR,Neuron
ABprapppaap,ABprapppaap,Death
ABprapppap,ABprapppap,Non-terminal
ABprapppapa,ABprapppapa,Death
ABprapppapp,ABprapppapp,Non-terminal
ABprapppappa,HSNR,Neuron
ABprapppappp,PHBR,Neuron
ABprapppp,ABprapppp,Non-terminal
ABprappppa,hyp7,Hypodermal
ABprappppp,TR,Seam Cell;Hypodermal
ABprp,ABprp,Non-terminal
ABprpa,ABprpa,Non-terminal
ABprpaa,ABprpaa,Non-terminal
ABprpaaa,ABprpaaa,Non-terminal
ABprpaaaa,ABprpaaaa,Non-terminal
ABprpaaaaa,ABprpaaaaa,Non-terminal
ABprpaaaaaa,SAAVR,Neuron
ABprpaaaaap,AWCR,Neuron
ABprpaaaap,ABprpaaaap,Non-terminal
ABprpaaaapa,G1,
ABprpaaaapp,DB3,Neuron
ABprpaaap,ABprpaaap,Non-terminal
ABprpaaapa,ABprpaaapa,Non-terminal
ABprpaaapaa,URAVR,Neuron
ABprpaaapap,CEPshVR,Glia
ABprpaaapp,ABprpaaapp,Non-terminal
ABprpaaappa,ABprpaaappa,Non-terminal
ABprpaaappaa,OLQVR,Neuron
ABprpaaappap,ABprpaaappap,Death
ABprpaaappp,URYVR,Neuron
ABprpaap,ABprpaap,Non-terminal
ABprpaapa,ABprpaapa,Non-terminal
ABprpaapaa,ABprpaapaa,Non-terminal
ABprpaapaaa,RIVR,Neuron
ABprpaapaap,AVBR,Neuron
ABprpaapap,ABprpaapap,Non-terminal
ABprpaapapa,AMsoR,Glia
ABprpaapapp,CEMVR,Neuron
ABprpaapp,ABprpaapp,Non-terminal
ABprpaappa,ABprpaappa,Non-terminal
ABprpaappaa,ASHR,Neuron
ABprpaappap,RIBR,Neuron
ABprpaappp,ABprpaappp,Non-terminal
ABprpaapppa,AIMR,Neuron
ABprpaapppp,ABprpaapppp,Non-terminal
ABprpaappppa,CEPVR,Neuron
ABprpaappppp,ABprpaappppp,Death
ABprpap,ABprpap,Non-terminal
ABprpapa,ABprpapa,Non-terminal
ABprpapaa,ABprpapaa,Non-terminal
ABprpapaaa,ABprpapaaa,Non-terminal
ABprpapaaaa,SMDDR,Neuron
ABprpapaaap,AIYR,Neuron
ABprpapaap,ABprpapaap,Non-terminal
ABprpapaapa,SIADR,Neuron
ABprpapaapp,SIBVR,Neuron
ABprpapap,ABprpapap,Non-terminal
ABprpapapa,ABprpapapa,Non-terminal
ABprpapapaa,exc gl R,Excretory
ABprpapapap,AVKR,Neuron
ABprpapapp,ABprpapapp,Non-terminal
ABprpapappa,SIAVR,Neuron
ABprpapappp,DA8,Neuron
ABprpapp,ABprpapp,Non-terminal
ABprpappa,ABprpappa,Non-terminal
ABprpappaa,ABprpappaa,Non-terminal
ABprpappaaa,RIH,Neuron
ABprpappaap,AVL,Neuron
ABprpappap,ABprpappap,Non-terminal
ABprpappapa,RIS,Neuron
ABprpappapp,DB4,Neuron
ABprpappp,ABprpappp,Non-terminal
ABprpapppa,ABprpapppa,Non-terminal
ABprpapppaa,RIR,Neuron
ABprpapppap,AVG,Neuron
ABprpapppp,ABprpapppp,Non-terminal
ABprpappppa,virR,
ABprpappppp,virL,
ABprpp,ABprpp,Non-terminal
ABprppa,ABprppa,Non-terminal
ABprppaa,ABprppaa,Non-terminal
ABprppaaa,ABprppaaa,Non-terminal
ABprppaaaa,ABprppaaaa,Non-terminal
ABprppaaaaa,SIBDR,Neuron
ABprppaaaap,ABprppaaaap,Non-terminal
ABprppaaaapa,ABprppaaaapa,Death
ABprppaaaapp,RICR,Neuron
ABprppaaap,ABprppaaap,Death
ABprppaap,ABprppaap,Non-terminal
ABprppaapa,ABprppaapa,Non-terminal
ABprppaapaa,ABprppaapaa,Death
ABprppaapap,RIMR,Neuron
ABprppaapp,ABprppaapp,Non-terminal
ABprppaappa,AIAR,Neuron
ABprppaappp,DB7,Neuron
ABprppap,ABprppap,Non-terminal
ABprppapa,ABprppapa,Non-terminal
ABprppapaa,ABprppapaa,Non-terminal
ABprppapaaa,ABprppapaaa,Non-terminal
ABprppapaaaa,SABVR,Neuron
ABprppapaaap,RIFR,Neuron
ABprppapaap,DA1,Neuron
ABprppapap,ABprppapap,Non-terminal
ABprppapapa,DA3,Neuron
ABprppapapp,DA5,Neuron
ABprppapp,ABprppapp,Non-terminal
ABprppappa,ABprppappa,Non-terminal
ABprppappaa,RIGR,Neuron
ABprppappap,DD2,Neuron
ABprppappp,ABprppappp,Non-terminal
ABprppapppa,DD4,Neuron
ABprppapppp,DD6,Neuron
ABprppp,ABprppp,Non-terminal
ABprpppa,ABprpppa,Non-terminal
ABprpppaa,ABprpppaa,Non-terminal
ABprpppaaa,ABprpppaaa,Non-terminal
ABprpppaaaa,PDA,Neuron
ABprpppaaap,DA7,Neuron
ABprpppaap,ABprpppaap,Non-terminal
ABprpppaapa,ABprpppaapa,Non-terminal
ABprpppaapaa,PVCR,Neuron
ABprpppaapap,LUAR,Neuron
ABprpppaapp,PHAR,Neuron
ABprpppap,ABprpppap,Non-terminal
ABprpppapa,ABprpppapa,Non-terminal
ABprpppapaa,PHshR,Glia
ABprpppapap,hyp9,Hypodermal
ABprpppapp,ABprpppapp,Death
ABprpppp,ABprpppp,Non-terminal
ABprppppa,ABprppppa,Non-terminal
ABprppppaa,ABprppppaa,Non-terminal
ABprppppaaa,PVPR,Neuron
ABprppppaap,rect VR,
ABprppppap,ABprppppap,Non-terminal
ABprppppapa,B,
ABprppppapp,DVA,Neuron
ABprppppp,ABprppppp,Non-terminal
ABprpppppa,ABprpppppa,Non-terminal
ABprpppppaa,ABprpppppaa,Body Wall Muscle
ABprpppppap,mu sph,
ABprpppppp,ABprpppppp,Non-terminal
ABprppppppa,ABprppppppa,Death
ABprppppppp,hyp10,Hypodermal
C,C,Non-terminal
Ca,Ca,Non-terminal
Caa,Caa,Non-terminal
Caaa,Caaa,Non-terminal
Caaaa,Caaaa,Non-terminal
Caaaaa,hyp7,Hypodermal
Caaaap,hyp7,Hypodermal
Caaap,Caaap,Non-terminal
Caaapa,hyp7,Hypodermal
Caaapp,hyp7,Hypodermal
Caap,Caap,Non-terminal
Caapa,Caapa,Non-terminal
Caapaa,DVC,Neuron
Caapap,Caapap,Death
Caapp,Caapp,Non-terminal
Caappd,hyp7,Hypodermal
Caappv,PVR,Neuron
Cap,Cap,Non-terminal
Capa,Capa,Non-terminal
Capaa,Capaa,Non-terminal
Capaaa,Capaaa,Non-terminal
Capaaaa,Capaaaa,Body Wall Muscle
Capaaap,Capaaap,Body Wall Muscle
Capaap,Capaap,Non-terminal
Capaapa,Capaapa,Body Wall Muscle
Capaapp,Capaapp,Body Wall Muscle
Capap,Capap,Non-terminal
Capapa,Capapa,Non-terminal
Capapaa,Capapaa,Body Wall Muscle
Capapap,Capapap,Body Wall Muscle
Capapp,Capapp,Non-terminal
Capappa,Capappa,Body Wall Muscle
Capappp,Capappp,Body Wall Muscle
Capp,Capp,Non-terminal
Cappa,Cappa,Non-terminal
Cappaa,Cappaa,Non-terminal
Cappaaa,Cappaaa,Body Wall Muscle
Cappaap,Cappaap,Body Wall Muscle
Cappap,Cappap,Non-terminal
Cappapa,Cappapa,Body Wall Muscle
Cappapp,Cappapp,Body Wall Muscle
Cappp,Cappp,Non-terminal
Capppa,Capppa,Non-terminal
Capppaa,Capppaa,Body Wall Muscle
Capppap,Capppap,Body Wall Muscle
Capppp,Capppp,Non-terminal
Cappppd,Cappppd,Body Wall Muscle
Cappppv,Cappppv,Body Wall Muscle
Cp,Cp,Non-terminal
Cpa,Cpa,Non-terminal
Cpaa,Cpaa,Non-terminal
Cpaaa,Cpaaa,Non-terminal
Cpaaaa,hyp7,Hypodermal
Cpaaap,hyp7,Hypodermal
Cpaap,Cpaap,Non-terminal
Cpaapa,hyp7,Hypodermal
Cpaapp,hyp7,Hypodermal
Cpap,Cpap,Non-terminal
Cpapa,Cpapa,Non-terminal
Cpapaa,hyp7,Hypodermal
Cpapap,hyp7,Hypodermal
Cpapp,Cpapp,Non-terminal
Cpappd,hyp7,Hypodermal
Cpappv,hyp11,Hypodermal
Cpp,Cpp,Non-terminal
Cppa,Cppa,Non-terminal
Cppaa,Cppaa,Non-terminal
Cppaaa,Cppaaa,Non-terminal
Cppaaaa,Cppaaaa,Body Wall Muscle
Cppaaap,Cppaaap,Body Wall Muscle
Cppaap,Cppaap,Non-terminal
Cppaapa,Cppaapa,Body Wall Muscle
Cppaapp,Cppaapp,Body Wall Muscle
Cppap,Cppap,Non-terminal
Cppapa,Cppapa,Non-terminal
Cppapaa,Cppapaa,Body Wall Muscle
Cppapap,Cppapap,Body Wall Muscle
Cppapp,Cppapp,Non-terminal
Cppappa,Cppappa,Body Wall Muscle
Cppappp,Cppappp,Body Wall Muscle
Cpp,Cpp,Non-terminal
Cpppa,Cpppa,Non-terminal
Cpppaa,Cpppaa,Non-terminal
Cpppaaa,Cpppaaa,Body Wall Muscle
Cpppaap,Cpppaap,Body Wall Muscle
Cpppap,Cpppap,Non-terminal
Cpppapa,Cpppapa,Body Wall Muscle
Cpppapp,Cpppapp,Body Wall Muscle
Cpppp,Cpppp,Non-terminal
Cppppa,Cppppa,Non-terminal
Cppppaa,Cppppaa,Body Wall Muscle
Cppppap,Cppppap,Body Wall Muscle
Cppppp,Cppppp,Non-terminal
Cpppppd,Cpppppd,Body Wall Muscle
Cpppppv,Cpppppv,Body Wall Muscle
D,D,Non-terminal
Da,Da,Non-terminal
Daa,Daa,Non-terminal
Daaa,Daaa,Non-terminal
Daaaa,Daaaa,Body Wall Muscle
Daaap,Daaap,Body Wall Muscle
Daap,Daap,Non-terminal
Daapa,Daapa,Body Wall Muscle
Daapp,Daapp,Body Wall Muscle
Dap,Dap,Non-terminal
Dapa,Dapa,Non-terminal
Dapaa,Dapaa,Body Wall Muscle
Dapap,Dapap,Body Wall Muscle
Dapp,Dapp,Non-terminal
Dappa,Dappa,Non-terminal
Dappaa,Dappaa,Body Wall Muscle
Dappap,Dappap,Body Wall Muscle
Dappp,Dappp,Non-terminal
Dapppa,Dapppa,Body Wall Muscle
Dapppp,Dapppp,Body Wall Muscle
Dp,Dp,Non-terminal
Dpa,Dpa,Non-terminal
Dpaa,Dpaa,Non-terminal
Dpaaa,Dpaaa,Body Wall Muscle
Dpaap,Dpaap,Body Wall Muscle
Dpap,Dpap,Non-terminal
Dpapa,Dpapa,Body Wall Muscle
Dpapp,Dpapp,Body Wall Muscle
Dpp,Dpp,Non-terminal
Dppa,Dppa,Non-terminal
Dppaa,Dppaa,Body Wall Muscle
Dppap,Dppap,Body Wall Muscle
Dppp,Dppp,Non-terminal
Dpppa,Dpppa,Non-terminal
Dpppaa,Dpppaa,Body Wall Muscle
Dpppap,Dpppap,Body Wall Muscle
Dpppp,Dpppp,Non-terminal
Dppppa,Dppppa,Body Wall Muscle
Dppppp,Dppppp,Body Wall Muscle
E,E,Non-terminal
Ea,Ea,Non-terminal
Eal,Eal,Non-terminal
Eala,Eala,Non-terminal
Ealaa,Ealaa,Non-terminal
Ealaad,int1DL,Intestinal
Ealaav,int1VL,Intestinal
Ealap,int3V,Intestinal
Ealapa,int3Va,Intestinal
Ealapp,int3Vp,Intestinal
Ealp,Ealp,Non-terminal
Ealpa,int2V,Intestinal
Ealpp,int5L,Intestinal
Ealppa,int5La,Intestinal
Ealppp,int5Lp,Intestinal
Ear,Ear,Non-terminal
Eara,Eara,Non-terminal
Earaa,Earaa,Non-terminal
Earaad,int1DR,Intestinal
Earaav,int1VR,Intestinal
Earap,int3D,Intestinal
Earapa,int3Da,Intestinal
Earapp,int3Dp,Intestinal
Earp,Earp,Non-terminal
Earpa,int2D,Intestinal
Earpp,int5R,Intestinal
Earppa,int5Ra,Intestinal
Earppp,int5Rp,Intestinal
EMS,EMS,Non-terminal
Ep,Ep,Non-terminal
Epl,Epl,Non-terminal
Epla,Epla,Non-terminal
Eplaa,int4V,Intestinal
Eplaaa,int4Va,Intestinal
Eplaap,int4Vp,Intestinal
Eplap,int6L,Intestinal
Eplapa,int6La,Intestinal
Eplapp,int6Lp,Intestinal
Eplp,Eplp,Non-terminal
Eplpa,int7L,Intestinal
Eplpaa,int7La,Intestinal
Eplpap,int7Lp,Intestinal
Eplpp,Eplpp,Non-terminal
Eplppa,int8L,Intestinal
Eplppaa,int8La,Intestinal
Eplppap,int8Lp,Intestinal
Eplppp,int9L,Intestinal
Eplpppa,int9La,Intestinal
Eplpppp,int9Lp,Intestinal
Epr,Epr,Non-terminal
Epra,Epra,Non-terminal
Epraa,int4D,Intestinal
Epraaa,int4Da,Intestinal
Eprap,int6R,Intestinal
Eprp,Eprp,Non-terminal
Eprpa,int7R,Intestinal
Eprpp,Eprpp,Non-terminal
Eprppa,int8R,Intestinal
Eprppp,int9R,Intestinal
MS,MS,Non-terminal
MSa,MSa,Non-terminal
MSaa,MSaa,Non-terminal
MSaaa,MSaaa,Non-terminal
MSaaaa,MSaaaa,Non-terminal
MSaaaaa,MSaaaaa,Non-terminal
MSaaaaaa,MSaaaaaa,Non-terminal
MSaaaaaal,GLRDL,Glia;Pharyngeal
MSaaaaaar,GLRDR,Glia;Pharyngeal
MSaaaaap,MSaaaaap,Non-terminal
MSaaaaapa,MSaaaaapa,Non-terminal
MSaaaaapaa,I3,Neuron;Pharyngeal
MSaaaaapap,g1P,Pharyngeal
MSaaaaapp,pm4DL,Pharyngeal
MSaaaap,MSaaaap,Non-terminal
MSaaaapa,MSaaaapa,Non-terminal
MSaaaapaa,I4,Neuron;Pharyngeal
MSaaaapap,pm5DL,Pharyngeal
MSaaaapp,MSaaaapp,Non-terminal
MSaaaappa,Dead,Death
MSaaaappp,pm7D,Pharyngeal
MSaaap,MSaaap,Non-terminal
MSaaapa,MSaaapa,Non-terminal
MSaaapaa,MSaaapaa,Non-terminal
MSaaapaaa,pm3DL,Pharyngeal
MSaaapaap,pm4L,Pharyngeal
MSaaapap,MSaaapap,Non-terminal
MSaaapapa,mc3DL,Pharyngeal
MSaaapapp,pm8,Pharyngeal
MSaaapp,MSaaapp,Non-terminal
MSaaappa,Dead,Death
MSaaappp,vpi3D,Pharyngeal
MSaap,MSaap,Non-terminal
MSaapa,MSaapa,Non-terminal
MSaapaa,MSaapaa,Non-terminal
MSaapaaa,MSaapaaa,Non-terminal
MSaapaaaa,pm4VL,Pharyngeal
MSaapaaap,pm5VL,Pharyngeal
MSaapaap,MSaapaap,Non-terminal
MSaapaapa,MSaapaapa,Non-terminal
MSaapaapaa,g1AL,Pharyngeal
MSaapaapap,Dead,
MSaapaapp,pm7VL,Pharyngeal
MSaapap,MSaapap,Non-terminal
MSaapapa,MSaapapa,Non-terminal
MSaapapaa,g2L,Pharyngeal
MSaapapap,Dead,Death
MSaapapp,MSaapapp,Non-terminal
MSaapappa,pm6VL,Pharyngeal
MSaapappp,vpi2DL,Pharyngeal
MSaapp,MSaapp,Non-terminal
MSaappa,MSaappa,Non-terminal
MSaappaa,vpi2V,Pharyngeal
MSaappap,vpi3V,Pharyngeal
MSaappp,MSaappp,Non-terminal
MSaapppa,MSaapppa,Non-terminal
MSaapppaa,BWM-VL07,Body Wall Muscle
MSaapppap,BWM-VL09,Body Wall Muscle
MSaapppp,MSaapppp,Non-terminal
MSaappppa,BWM-VL11,Body Wall Muscle
MSaappppp,BWM-VL13,Body Wall Muscle
MSap,MSap,Non-terminal
MSapa,MSapa,Non-terminal
MSapaa,MSapaa,Non-terminal
MSapaaa,MSapaaa,Non-terminal
MSapaaaa,MSapaaaa,Non-terminal
MSapaaaad,GLRL,Pharyngeal
MSapaaaav,GLRVL,Pharyngeal
MSapaaap,BWM-DL02,Body Wall Muscle
MSapaap,MSapaap,Non-terminal
MSapaapa,Dead,Death
MSapaapp,M,
MSapap,MSapap,Non-terminal
MSapapa,MSapapa,Non-terminal
MSapapaa,MSapapaa,Non-terminal
MSapapaaa,ccAL,Coelomocyte
MSapapaap,ccPL,Coelomocyte
MSapapap,BWM-VL02,Body Wall Muscle
MSapapp,MSapapp,Non-terminal
MSapappa,BWM-DL01,Body Wall Muscle
MSapappp,BWM-DL04,Body Wall Muscle
MSapp,MSapp,Non-terminal
MSappa,MSappa,Non-terminal
MSappaa,MSappaa,Non-terminal
MSappaaa,hmc,
MSappaap,Z4,
MSappap,MSappap,Non-terminal
MSappapa,Dead,Death
MSappapp,BWM-VL01,Body Wall Muscle
MSappp,MSappp,Non-terminal
MSapppa,MSapppa,Non-terminal
MSapppaa,BWM-VL04,Body Wall Muscle
MSapppap,BWM-DL06,Body Wall Muscle
MSapppp,MSapppp,Non-terminal
MSappppa,BWM-DL03,Body Wall Muscle
MSappppp,BWM-DL05,Body Wall Muscle
MSp,MSp,Non-terminal
MSpa,MSpa,Non-terminal
MSpaa,MSpaa,Non-terminal
MSpaaa,MSpaaa,Non-terminal
MSpaaaa,MSpaaaa,Non-terminal
MSpaaaaa,MSpaaaaa,Non-terminal
MSpaaaaaa,M4,Pharyngeal;Neuron
MSpaaaaap,Dead,Death
MSpaaaap,MSpaaaap,Non-terminal
MSpaaaapa,pm3DR,Pharyngeal
MSpaaaapp,pm4DR,Pharyngeal
MSpaaap,MSpaaap,Non-terminal
MSpaaapa,MSpaaapa,Non-terminal
MSpaaapaa,I6,Pharyngeal;Neuron
MSpaaapap,M5,Pharyngeal;Neuron
MSpaaapp,MSpaaapp,Non-terminal
MSpaaappa,pm5DR,Pharyngeal
MSpaaappp,pm6D,Pharyngeal
MSpaap,MSpaap,Non-terminal
MSpaapa,MSpaapa,Non-terminal
MSpaapaa,MSpaapaa,Non-terminal
MSpaapaaa,M1,Pharyngeal;Neuron
MSpaapaap,Dead,Death
MSpaapap,MSpaapap,Non-terminal
MSpaapapa,mc3DR,Pharyngeal
MSpaapapp,vpi1,Pharyngeal
MSpaapp,Dead,Death
MSpap,MSpap,Non-terminal
MSpapa,MSpapa,Non-terminal
MSpapaa,MSpapaa,Non-terminal
MSpapaaa,MSpapaaa,Non-terminal
MSpapaaaa,pm4VR,Pharyngeal
MSpapaaap,pm5VR,Pharyngeal
MSpapaap,MSpapaap,Non-terminal
MSpapaapa,MSpapaapa,Non-terminal
MSpapaapaa,g1AR,Pharyngeal
MSpapaapap,Dead,Death
MSpapaapp,pm7VR,Pharyngeal
MSpapap,MSpapap,Non-terminal
MSpapapa,MSpapapa,Non-terminal
MSpapapaa,g2R,Pharyngeal
MSpapapap,Dead,Death
MSpapapp,MSpapapp,Non-terminal
MSpapappa,pm6VR,Pharyngeal
MSpapappp,vpi2DR,Pharyngeal
MSpapp,MSpapp,Non-terminal
MSpappa,MSpappa,Non-terminal
MSpappaa,BWM-VL15,
MSpappap,BWM-VR15,
MSpappp,MSpappp,Non-terminal
MSpapppa,MSpapppa,Non-terminal
MSpapppaa,BWM-VR07,Body Wall Muscle
MSpapppap,BWM-VR09,Body Wall Muscle
MSpapppp,MSpapppp,Non-terminal
MSpappppa,BWM-VR11,Body Wall Muscle
MSpappppp,BWM-VR13,Body Wall Muscle
MSpp,MSpp,Non-terminal
MSppa,MSppa,Non-terminal
MSppaa,MSppaa,Non-terminal
MSppaaa,MSppaaa,Non-terminal
MSppaaaa,MSppaaaa,Non-terminal
MSppaaaad,GLRR,Pharyngeal
MSppaaaav,GLRVR,Pharyngeal
MSppaaap,BWM-DR02,Body Wall Muscle
MSppaap,MSppaap,Non-terminal
MSppaapa,Dead,Death
MSppaapp,Mu_Int_R,
MSppap,MSppap,Non-terminal
MSppapa,MSppapa,Non-terminal
MSppapaa,MSppapaa,Non-terminal
MSppapaaa,ccAR,Coelomocyte
MSppapaap,ccPR,Coelomocyte
MSppapap,BWM-VR02,Body Wall Muscle
MSppapp,MSppapp,Non-terminal
MSppappa,BWM-DR01,Body Wall Muscle
MSppappp,BWM-DR04,Body Wall Muscle
MSppp,MSppp,Non-terminal
MSpppa,MSpppa,Non-terminal
MSpppaa,MSpppaa,Non-terminal
MSpppaaa,Death,Death
MSpppaap,Z1,Somatic Gonad Precursor
MSpppap,MSpppap,Non-terminal
MSpppapa,Death,Death
MSpppapp,BWM-VR01,
MSpppp,MSpppp,Non-terminal
MSppppa,Death,Death
MSppppaa,BWM-VR04,
MSppppap,BWM-DR06,
MSppppp,MSppppp,Non-terminal
MSpppppa,BWM-DR03,
MSpppppp,BWM-DR05,
P2,P2,Non-terminal
P3,P3,Non-terminal
P4,P4,Non-terminal
Z2,Z2,Germline Precursor
Z3,Z3,Germline Precursor
