lineage,name
ABalaaaalal,AINL
ABalaaaalpp,ILshL
ABalaaaarlp,RMEL
ABalaaaarrp,RMER
ABalaaapall,IAlsoL
ABalaaapalr,AVDL
ABalaaaparr,ILshDL
ABalaaappll,ILshDR
ABalaaapprl,AVDR
ABalaaapprr,IAlsoR
ABalaapaaar,AINR
ABalaapaapp,ILshR
ABalaapappp,CEPsoVR
ABalaappapa,AVAR
ABalaappapp,OLQsoVR
ABalaapppaa,RIAR
ABalaappppaa,IL1R
ABalaappppp,IL2R
ABalapaaaaa,AVHL
ABalapaaapa,CANL
ABalapaaapp,OLAlsoL
ABalapaapaa,RIAL
ABalapaappaa,IL1L
ABalapaappp,IL2L
ABalapapapaa,OLQDL
ABalapapapp,URYDL
ABalapappaaa,IL1DL
ABalapappap,IL2DL
ABalapapppa,AVJL
ABalapapppp,CEPsoDL
ABalappaapa,RID
ABalappapaa,AVHR
ABalappappa,CANR
ABalappappp,OLAlsoR
ABalapppaaa,ALA
ABalapppaap,RMED
ABalapppapaa,OLQDR
ABalapppapp,URYDR
ABalappppaaa,IL1DR
ABalappppap,IL2DR
ABalapppppa,AVJR
ABalapppppp,CEPsoDR
ABalpaaaaaa,e3VL
ABalpaaaaap,pm2VL
ABalpaaaapa,pm1VL
ABalpaaapaa,pm2L
ABalpaaappp,MCL
ABalpaapaaa,arc post DL
ABalpaapaap,e2DL
ABalpaapapa,mc1DL
ABalpaapapp,pm3L
ABalpaappaa,arc ant DL
ABalpaappap,arc post VL
ABalpaapppa,hyp1DL
ABalpaapppp,hyp2DL
ABalpapaaaa,RIPL
ABalpapaaap,hyp2V
ABalpapaapa,arc ant V
ABalpapapaa,RMDDL
ABalpapapapp,SMBDL
ABalpapappp,SMBVL
ABalpappaapa,I2L
ABalpappapa,e2V
ABalpappapp,mc3V
ABalpapppaa,I1L
ABalpappppa,mc1V
ABalpappppp,pm3VL
ABalppaaapa,AVAL
ABalppaaapp,OLQsoVL
ABalppaappp,CEPsoVL
ABalppapaaa,RMDVL
ABalppapaap,ILshVL
ABalppapapa,SAADL
ABalppapapp,IAlsoVL
ABalppappaa,SMDVL
ABalppappap,BAGL
ABalppapppaa,IL1VL
ABalppapppp,IL2VL
ABalpppaaaa,AVEL
ABalpppaaap,OLQshVL
ABalpppaapd,OLLshL
ABalpppapad,RMDL
ABalpppapav,AFDL
ABalpppapppa,ASKL
ABalppppaad,ADLL
ABalppppapaa,OLLL
ABalpppppaa,ADFL
ABalpppppap,AWBL
ABalppppppaa,ASEL
ABalpppppppa,ASJL
ABalpppppppp,AUAL
ABaraaaaaaa,e1VL
ABaraaaaaap,pm1L
ABaraaaaapa,e1VR
ABaraaaaapp,pm1R
ABaraaaapap,e1D
ABaraaapaaa,arc post DR
ABaraaapaap,e2DR
ABaraaapapa,mc1DR
ABaraaapapp,pm4R
ABaraaappaa,arc post D
ABaraaappap,arc post VR
ABaraaapppa,arc ant DR
ABaraaapppp,hyp1DR
ABaraapaaaa,e3D
ABaraapaaap,pm1DL
ABaraapaapa,pm2DL
ABaraapaapp,mc2DL
ABaraapapaav,NSML
ABaraapapap,pm5L
ABaraapappa,M2L
ABaraapappp,M3L
ABaraappaaa,MI
ABaraappaap,pm1DR
ABaraappapa,pm2DR
ABaraappapp,mc2DR
ABaraapppaav,NSMR
ABaraapppap,pm5R
ABaraappppa,M2R
ABaraappppp,M3R
ABarapaaaaa,e3VR
ABarapaaaap,pm2VR
ABarapaaapa,pm1VR
ABarapaapaa,pm2R
ABarapaappa,pm3R
ABarapaappp,MCR
ABarapapaapa,I2R
ABarapapapa,arc post V
ABarapapapp,I5
ABarapappaa,I1R
ABarapapppa,mc2V
ABarapapppp,pm3VR
ABarappaaaa,RIPR
ABarappaapa,hyp1V
ABarappapaa,RMDDR
ABarappapapp,SMBDR
ABarappappa,DB2
ABarappappp,SMBVR
ABarapppaaa,RMDVR
ABarapppaap,ILshVR
ABarapppapa,SAADR
ABarapppapp,IAlsoVR
ABarappppaa,SMDVR
ABarappppap,BAGR
ABarapppppaa,IL1VR
ABarapppppp,IL2VR
ABarpaaaaal,OLQsoDL
ABarpaaaaar,OLQsoDR
ABarpaaaapa,OLQshDL
ABarpaaaapp,CEPshDL
ABarpaaapaa,OLQshDR
ABarpaaapap,CEPshDR
ABarpaapaa,hyp6
ABarpaapap,hyp7
ABarpaappa,hyp7
ABarpaappp,hyp7
ABarpapaaaa,URADR
ABarpapaaap,CEMDR
ABarpapaappa,CEPDR
ABarpapaappp,URXR
ABarpapapa,hyp4
ABarpapapp,hyp6
ABarpappaa,XXXR
ABarpappap,hyp5
ABarpapppa,H0R
ABarpapppp,H1R
ABarppaaaa,ADEshL
ABarppaaap,H2L
ABarppaapa,hyp7
ABarppaappa,ALML
ABarppaappp,BDUL
ABarppapaa,V1L
ABarppapap,V2L
ABarppappa,V4L
ABarppappp,V6L
ABarpppaaa,ADEshR
ABarpppaap,H2R
ABarpppapa,hyp7
ABarpppappa,ALMR
ABarpppappp,BDUR
ABarppppaa,V1R
ABarppppap,V2R
ABarpppppa,V4R
ABarpppppp,V6R
ABplaaaaaaa,URADL
ABplaaaaaap,CEMDL
ABplaaaaappa,CEPDL
ABplaaaaappp,URXL
ABplaaaapa,hyp6
ABplaaaapp,hyp6
ABplaaapaa,XXXL
ABplaaapap,hyp5
ABplaaappa,H0L
ABplaaappp,H1L
ABplaapaaaa,hyp3
ABplaapaaap,IAlsoDL
ABplaapaapa,URBL
ABplaapaapp,AMshL
ABplaapapaa,AWAL
ABplaapapap,ASGL
ABplaapappa,AIBL
ABplaapapppa,ASIL
ABplaappaa,hyp4
ABplaappap,hyp6
ABplaapppa,hyp7
ABplaapppp,hyp7
ABplapaaaapa,ADEL
ABplapaaaapp,ADAL
ABplapaaapad,FLPL
ABplapaaapav,AIZL
ABplapaaapp,RMGL
ABplapaapa,G2
ABplapaapp,P1
ABplapapaaa,QL
ABplapapaap,V5L
ABplapapap,P9
ABplapappa,P11
ABplapappppaa,PLML
ABplapappppap,ALNL
ABplappaaa,P3
ABplappaap,P5
ABplappapa,V3L
ABplappapp,P7
ABplapppaaa,PVQL
ABplapppappa,HSNL
ABplapppappp,PHBL
ABplappppa,hyp7
ABplappppp,TL
ABplpaaaaaa,SAAVL
ABplpaaaaap,AWCL
ABplpaaaapa,exc duct
ABplpaaaapp,DB1
ABplpaaapaa,URAVL
ABplpaaapap,CEPshVL
ABplpaaappaa,OLQVL
ABplpaaappp,URYVL
ABplpaapaaa,RIVL
ABplpaapaap,AVBL
ABplpaapapa,AMsoL
ABplpaapapp,CEMVL
ABplpaappaa,ASHL
ABplpaappap,RIBL
ABplpaapppa,AIML
ABplpaappppa,CEPVL
ABplpapaaaa,SMDDL
ABplpapaaap,AIYL
ABplpapaapa,SIADL
ABplpapaapp,SIBVL
ABplpapapaa,exc gl L
ABplpapapap,AVKL
ABplpapappa,SIAVL
ABplpapappp,DB5
ABplpappaaa,RMEV
ABplpappaap,exc cell
ABplpapppaa,K
ABplpapppap,rect hyp
ABplpappppa,PVT
ABplpappppp,rect D
ABplppaaaaa,SIBDL
ABplppaaaapp,RICL
ABplppaapap,RIML
ABplppaappa,AIAL
ABplppaappp,DB6
ABplppapaaaa,SABVL
ABplppapaaap,RIFL
ABplppapaap,SABD
ABplppapapa,DA2
ABplppapapp,DA4
ABplppappaa,RIGL
ABplppappap,DD1
ABplppapppa,DD3
ABplppapppp,DD5
ABplpppaaaa,DA9
ABplpppaaap,DA6
ABplpppaapaa,PVCL
ABplpppaapap,LUAL
ABplpppaapp,PHAL
ABplpppapaa,PHshL
ABplpppapap,hyp8
ABplppppaaa,PVPL
ABplppppaap,rect VL
ABplppppapa,U
ABplppppapp,F
ABplpppppaa,mu int L
ABplpppppap,mu anal
ABplppppppp,hyp10
ABpraaaaaaa,AVER
ABpraaaaaap,OLQshVR
ABpraaaaapd,OLLshR
ABpraaaapad,RMDR
ABpraaaapav,AFDR
ABpraaaapppa,ASKR
ABpraaapaad,ADLR
ABpraaapapaa,OLLR
ABpraaappaa,ADFR
ABpraaappap,AWBR
ABpraaapppaa,ASER
ABpraaappppa,ASJR
ABpraaappppp,AUAR
ABpraapaaaa,hyp3
ABpraapaaap,IAlsoDR
ABpraapaapa,URBR
ABpraapaapp,AMshR
ABpraapapaa,AWAR
ABpraapapap,ASGR
ABpraapappa,AIBR
ABpraapapppa,ASIR
ABpraappaa,hyp4
ABpraappap,hyp6
ABpraapppa,hyp7
ABpraapppp,hyp7
ABprapaaaapa,ADER
ABprapaaaapp,ADAR
ABprapaaapad,FLPR
ABprapaaapav,AIZR
ABprapaaapp,RMGR
ABprapaapa,W
ABprapaapp,P2
ABprapapaaa,QR
ABprapapaap,V5R
ABprapapap,P10
ABprapappa,P12
ABprapappppaa,PLMR
ABprapappppap,ALNR
ABprappaaa,P4
ABprappaap,P6
ABprappapa,V3R
ABprappapp,P8
ABprapppaaa,PVQR
ABprapppappa,HSNR
ABprapppappp,PHBR
ABprappppa,hyp7
ABprappppp,TR
ABprpaaaaaa,SAAVR
ABprpaaaaap,AWCR
ABprpaaaapa,G1
ABprpaaaapp,DB3
ABprpaaapaa,URAVR
ABprpaaapap,CEPshVR
ABprpaaappaa,OLQVR
ABprpaaappp,URYVR
ABprpaapaaa,RIVR
ABprpaapaap,AVBR
ABprpaapapa,AMsoR
ABprpaapapp,CEMVR
ABprpaappaa,ASHR
ABprpaappap,RIBR
ABprpaapppa,AIMR
ABprpaappppa,CEPVR
ABprpapaaaa,SMDDR
ABprpapaaap,AIYR
ABprpapaapa,SIADR
ABprpapaapp,SIBVR
ABprpapapaa,exc gl R
ABprpapapap,AVKR
ABprpapappa,SIAVR
ABprpapappp,DA8
ABprpappaaa,RIH
ABprpappaap,AVL
ABprpappapa,RIS
ABprpappapp,DB4
ABprpapppaa,RIR
ABprpapppap,AVG
ABprpappppa,virR
ABprpappppp,virL
ABprppaaaaa,SIBDR
ABprppaaaapp,RICR
ABprppaapap,RIMR
ABprppaappa,AIAR
ABprppaappp,DB7
ABprppapaaaa,SABVR
ABprppapaaap,RIFR
ABprppapaap,DA1
ABprppapapa,DA3
ABprppapapp,DA5
ABprppappaa,RIGR
ABprppappap,DD2
ABprppapppa,DD4
ABprppapppp,DD6
ABprpppaaaa,PDA
ABprpppaaap,DA7
ABprpppaapaa,PVCR
ABprpppaapap,LUAR
ABprpppaapp,PHAR
ABprpppapaa,PHshR
ABprpppapap,hyp9
ABprppppaaa,PVPR
ABprppppaap,rect VR
ABprppppapa,B
ABprppppapp,DVA
ABprpppppap,mu sph
ABprppppppp,hyp10
Caaaaa,hyp7
Caaaap,hyp7
Caaapa,hyp7
Caaapp,hyp7
Caapaa,DVC
Caappd,hyp7
Caappv,PVR
Cpaaaa,hyp7
Cpaaap,hyp7
Cpaapa,hyp7
Cpaapp,hyp7
Cpapaa,hyp7
Cpapap,hyp7
Cpappd,hyp7
Cpappv,hyp11
Ealaad,int1DL
Ealaav,int1VL
Ealap,int3V
Ealapa,int3Va
Ealapp,int3Vp
Ealpa,int2V
Ealpp,int5L
Ealppa,int5La
Ealppp,int5Lp
Earaad,int1DR
Earaav,int1VR
Earap,int3D
Earapa,int3Da
Earapp,int3Dp
Earpa,int2D
Earpp,int5R
Earppa,int5Ra
Earppp,int5Rp
Eplaa,int4V
Eplaaa,int4Va
Eplaap,int4Vp
Eplap,int6L
Eplapa,int6La
Eplapp,int6Lp
Eplpa,int7L
Eplpaa,int7La
Eplpap,int7Lp
Eplppa,int8L
Eplppaa,int8La
Eplppap,int8Lp
Eplppp,int9L
Eplpppa,int9La
Eplpppp,int9Lp
Epraa,int4D
Epraaa,int4Da
Eprap,int6R
Eprpa,int7R
Eprppa,int8R
Eprppp,int9R
MSaaaaaal,GLRDL
MSaaaaaar,GLRDR
MSaaaaapaa,I3
MSaaaaapap,g1P
MSaaaaapp,pm4DL
MSaaaapaa,I4
MSaaaapap,pm5DL
MSaaaappp,pm7D
MSaaapaaa,pm3DL
MSaaapaap,pm4L
MSaaapapa,mc3DL
MSaaapapp,pm8
MSaaappp,vpi3D
MSaapaaaa,pm4VL
MSaapaaap,pm5VL
MSaapaapaa,g1AL
MSaapaapp,pm7VL
MSaapapaa,g2L
MSaapappa,pm6VL
MSaapappp,vpi2DL
MSaappaa,vpi2V
MSaappap,vpi3V
MSaapppaa,BWM-VL07
MSaapppap,BWM-VL09
MSaappppa,BWM-VL11
MSaappppp,BWM-VL13
MSapaaaad,GLRL
MSapaaaav,GLRVL
MSapaaap,BWM-DL02
MSapaapp,M
MSapapaaa,ccAL
MSapapaap,ccPL
MSapapap,BWM-VL02
MSapappa,BWM-DL01
MSapappp,BWM-DL04
MSappaaa,hmc
MSappaap,Z4
MSappapp,BWM-VL01
MSapppaa,BWM-VL04
MSapppap,BWM-DL06
MSappppa,BWM-DL03
MSappppp,BWM-DL05
MSpaaaaaa,M4
MSpaaaapa,pm3DR
MSpaaaapp,pm4DR
MSpaaapaa,I6
MSpaaapap,M5
MSpaaappa,pm5DR
MSpaaappp,pm6D
MSpaapaaa,M1
MSpaapapa,mc3DR
MSpaapapp,vpi1
MSpapaaaa,pm4VR
MSpapaaap,pm5VR
MSpapaapaa,g1AR
MSpapaapp,pm7VR
MSpapapaa,g2R
MSpapappa,pm6VR
MSpapappp,vpi2DR
MSpappaa,BWM-VL15
MSpappap,BWM-VR15
MSpapppaa,BWM-VR07
MSpapppap,BWM-VR09
MSpappppa,BWM-VR11
MSpappppp,BWM-VR13
MSppaaaad,GLRR
MSppaaaav,GLRVR
MSppaaap,BWM-DR02
MSppaapp,Mu_Int_R
MSppapaaa,ccAR
MSppapaap,ccPR
MSppapap,BWM-VR02
MSppappa,BWM-DR01
MSppappp,BWM-DR04
MSpppaap,Z1
MSpppapp,BWM-VR01
MSppppaa,BWM-VR04
MSppppap,BWM-DR06
MSpppppa,BWM-DR03
MSpppppp,BWM-DR05
